OrderId,OrderDate,ShipDate,OrderCost,OrderItemQuantity,CustomerId,EmployeeId
1,2022-01-04,2022-01-06,263,9,4276,6
2,2022-01-02,2022-01-05,148,2,4497,15
3,2022-01-02,2022-01-07,936,5,4404,17
4,2022-01-04,2022-01-09,800,7,3515,17
5,2022-01-02,2022-01-08,109,1,77,13
6,2022-01-05,2022-01-06,1867,5,3072,17
7,2022-01-05,2022-01-10,1036,6,2555,15
8,2022-01-02,2022-01-08,176,3,2718,15
9,2022-01-01,2022-01-01,2091,9,330,7
10,2022-01-03,2022-01-06,749,6,3808,8
11,2022-01-03,2022-01-03,1471,7,4305,15
12,2022-01-03,2022-01-08,218,2,4450,8
13,2022-01-02,2022-01-08,62,2,4128,5
14,2022-01-07,2022-01-09,1337,10,4108,13
15,2022-01-05,2022-01-05,913,3,2979,13
16,2022-01-01,2022-01-06,599,1,1059,21
17,2022-01-07,2022-01-07,575,7,2009,15
18,2022-01-05,2022-01-10,449,7,4693,10
19,2022-01-06,2022-01-11,998,6,3461,15
20,2022-01-04,2022-01-10,1961,7,800,17
21,2022-01-04,2022-01-06,999,6,2959,5
22,2022-01-02,2022-01-02,1230,7,4669,4
23,2022-01-07,2022-01-08,9,1,4248,17
24,2022-01-01,2022-01-01,178,2,3576,7
25,2022-01-03,2022-01-05,745,4,1233,21
26,2022-01-05,2022-01-08,236,3,4613,10
27,2022-01-04,2022-01-05,1813,6,658,5
28,2022-01-05,2022-01-05,416,6,676,15
29,2022-01-04,2022-01-10,1984,10,2654,23
30,2022-01-04,2022-01-07,641,8,4760,17
31,2022-01-03,2022-01-04,306,4,2329,17
32,2022-01-04,2022-01-10,1488,5,4193,15
33,2022-01-06,2022-01-11,1139,4,597,7
34,2022-01-01,2022-01-06,963,6,4346,22
35,2022-01-07,2022-01-07,1795,10,3146,12
36,2022-01-06,2022-01-06,682,4,3032,13
37,2022-01-06,2022-01-12,887,6,2880,19
38,2022-01-04,2022-01-08,1038,9,3259,10
39,2022-01-01,2022-01-05,1669,10,1268,23
40,2022-01-01,2022-01-07,711,5,4820,18
41,2022-01-01,2022-01-05,1504,10,3433,11
42,2022-01-05,2022-01-08,1255,10,2220,17
43,2022-01-07,2022-01-10,230,5,4040,9
44,2022-01-07,2022-01-10,213,4,2638,18
45,2022-01-06,2022-01-08,962,5,2531,4
46,2022-01-07,2022-01-12,124,2,1543,11
47,2022-01-01,2022-01-04,1357,10,3975,17
48,2022-01-07,2022-01-07,648,7,666,9
49,2022-01-04,2022-01-05,1122,8,1969,7
50,2022-01-02,2022-01-04,138,2,3625,6
51,2022-01-05,2022-01-07,687,8,246,18
52,2022-01-04,2022-01-05,48,2,1314,22
53,2022-01-02,2022-01-02,202,3,4899,12
54,2022-01-06,2022-01-08,44,2,2485,9
55,2022-01-05,2022-01-09,155,4,4216,4
56,2022-01-06,2022-01-10,1233,10,2797,23
57,2022-01-03,2022-01-07,664,9,4170,18
58,2022-01-05,2022-01-05,64,1,267,13
59,2022-01-07,2022-01-08,2611,10,2212,4
60,2022-01-06,2022-01-11,1827,8,750,20
61,2022-01-07,2022-01-10,121,2,1682,11
62,2022-01-04,2022-01-05,897,7,1015,19
63,2022-01-02,2022-01-07,109,1,4874,18
64,2022-01-03,2022-01-05,148,3,3258,14
65,2022-01-06,2022-01-10,1402,8,874,5
66,2022-01-04,2022-01-08,1177,8,1355,20
67,2022-01-05,2022-01-11,233,5,472,19
68,2022-01-01,2022-01-07,233,3,553,15
69,2022-01-04,2022-01-07,924,7,1943,4
70,2022-01-04,2022-01-04,942,5,2028,13
71,2022-01-07,2022-01-10,237,6,1398,18
72,2022-01-07,2022-01-12,864,6,2364,15
73,2022-01-04,2022-01-06,1129,4,1147,14
74,2022-01-02,2022-01-06,1158,5,573,15
75,2022-01-02,2022-01-04,2734,10,3570,13
76,2022-01-04,2022-01-06,31,2,502,7
77,2022-01-03,2022-01-07,1137,8,1153,13
78,2022-01-06,2022-01-08,904,4,1232,12
79,2022-01-02,2022-01-03,31,2,1391,9
80,2022-01-01,2022-01-06,109,1,4445,23
81,2022-01-04,2022-01-06,1029,6,1400,9
82,2022-01-02,2022-01-04,55,1,799,16
83,2022-01-04,2022-01-06,108,4,4106,8
84,2022-01-04,2022-01-10,64,2,4616,5
85,2022-01-03,2022-01-06,465,9,2662,12
86,2022-01-02,2022-01-02,262,6,3557,16
87,2022-01-06,2022-01-08,1924,5,4188,18
88,2022-01-02,2022-01-06,434,7,1843,11
89,2022-01-04,2022-01-04,1318,8,1102,6
90,2022-01-02,2022-01-06,978,6,2263,17
91,2022-01-03,2022-01-08,84,2,1335,15
92,2022-01-06,2022-01-10,643,3,2682,21
93,2022-01-04,2022-01-10,121,2,1312,15
94,2022-01-06,2022-01-09,334,8,1063,17
95,2022-01-07,2022-01-07,804,2,1045,8
96,2022-01-06,2022-01-08,819,3,4100,15
97,2022-01-05,2022-01-10,2096,8,1924,4
98,2022-01-01,2022-01-03,1488,5,3875,4
99,2022-01-01,2022-01-06,798,3,1340,16
100,2022-01-01,2022-01-03,814,5,1138,9
101,2022-01-06,2022-01-07,1107,10,3188,23
102,2022-01-06,2022-01-12,2103,9,1770,15
103,2022-01-01,2022-01-05,185,4,4058,9
104,2022-01-01,2022-01-07,608,2,3726,13
105,2022-01-05,2022-01-11,2834,10,558,10
106,2022-01-06,2022-01-10,1702,7,3132,12
107,2022-01-05,2022-01-08,116,2,1407,4
108,2022-01-05,2022-01-11,1527,10,3155,7
109,2022-01-03,2022-01-09,9,1,369,4
110,2022-01-04,2022-01-06,270,5,4801,7
111,2022-01-03,2022-01-09,1124,8,3000,17
112,2022-01-04,2022-01-10,1327,7,2522,10
113,2022-01-03,2022-01-04,482,6,3205,9
114,2022-01-07,2022-01-08,285,6,2390,16
115,2022-01-01,2022-01-06,1428,6,2874,18
116,2022-01-04,2022-01-08,1227,6,3966,14
117,2022-01-01,2022-01-04,1193,10,3691,10
118,2022-01-01,2022-01-05,1170,10,2693,14
119,2022-01-06,2022-01-06,403,5,2611,22
120,2022-01-07,2022-01-12,1022,6,1924,5
121,2022-01-05,2022-01-10,1363,7,965,21
122,2022-01-07,2022-01-13,952,5,3613,8
123,2022-01-07,2022-01-08,1183,4,3906,16
124,2022-01-01,2022-01-02,22,1,971,19
125,2022-01-05,2022-01-06,2041,9,3533,5
126,2022-01-07,2022-01-11,225,3,2580,18
127,2022-01-01,2022-01-07,55,1,4030,8
128,2022-01-03,2022-01-05,1923,9,4149,20
129,2022-01-01,2022-01-04,109,1,1301,8
130,2022-01-04,2022-01-05,175,3,958,18
131,2022-01-06,2022-01-12,102,3,4043,8
132,2022-01-01,2022-01-02,9,1,4272,4
133,2022-01-07,2022-01-12,193,5,2262,9
134,2022-01-03,2022-01-09,39,1,4209,13
135,2022-01-05,2022-01-11,109,1,3183,23
136,2022-01-03,2022-01-03,814,3,1117,7
137,2022-01-02,2022-01-04,1143,10,2184,13
138,2022-01-06,2022-01-12,1400,8,3132,12
139,2022-01-03,2022-01-05,351,5,4334,6
140,2022-01-03,2022-01-04,463,7,4149,5
141,2022-01-06,2022-01-08,717,6,1760,14
142,2022-01-05,2022-01-08,95,3,2293,6
143,2022-01-02,2022-01-08,64,1,2958,6
144,2022-01-02,2022-01-02,255,5,4356,20
145,2022-01-01,2022-01-02,118,2,4055,22
146,2022-01-03,2022-01-06,7,1,4582,5
147,2022-01-01,2022-01-07,119,2,1294,7
148,2022-01-03,2022-01-04,323,6,786,11
149,2022-01-02,2022-01-03,815,5,1081,15
150,2022-01-05,2022-01-09,1562,9,2656,15
151,2022-01-06,2022-01-08,2692,10,1156,21
152,2022-01-02,2022-01-02,1149,4,2389,22
153,2022-01-03,2022-01-03,41,2,2345,16
154,2022-01-02,2022-01-08,933,5,3192,14
155,2022-01-07,2022-01-13,1780,10,465,11
156,2022-01-06,2022-01-06,388,8,4776,23
157,2022-01-04,2022-01-06,209,5,2263,12
158,2022-01-03,2022-01-04,898,6,950,12
159,2022-01-06,2022-01-10,180,2,635,23
160,2022-01-05,2022-01-10,744,5,864,6
161,2022-01-02,2022-01-06,321,5,1758,18
162,2022-01-02,2022-01-08,1477,9,710,19
163,2022-01-02,2022-01-07,1167,2,4410,9
164,2022-01-03,2022-01-05,311,5,409,11
165,2022-01-07,2022-01-09,1880,10,1556,8
166,2022-01-01,2022-01-07,799,5,2335,6
167,2022-01-04,2022-01-10,707,2,1451,14
168,2022-01-07,2022-01-07,1708,9,238,14
169,2022-01-03,2022-01-09,1653,3,916,7
170,2022-01-06,2022-01-09,243,4,2934,7
171,2022-01-04,2022-01-05,190,3,336,22
172,2022-01-02,2022-01-04,960,7,2609,12
173,2022-01-02,2022-01-08,1707,9,1766,17
174,2022-01-06,2022-01-09,1167,8,667,5
175,2022-01-02,2022-01-06,417,7,2795,19
176,2022-01-03,2022-01-08,1357,8,3233,6
177,2022-01-04,2022-01-06,70,2,2771,5
178,2022-01-01,2022-01-01,1413,4,3938,7
179,2022-01-03,2022-01-03,832,4,419,13
180,2022-01-02,2022-01-02,2162,9,1197,19
181,2022-01-04,2022-01-06,109,1,2229,5
182,2022-01-05,2022-01-06,168,4,3384,23
183,2022-01-06,2022-01-06,708,2,2739,20
184,2022-01-06,2022-01-08,139,5,1934,20
185,2022-01-07,2022-01-09,176,5,4323,7
186,2022-01-06,2022-01-08,811,7,1868,4
187,2022-01-07,2022-01-13,457,6,736,14
188,2022-01-05,2022-01-11,18,2,2043,20
189,2022-01-05,2022-01-11,1686,5,4723,8
190,2022-01-01,2022-01-07,704,2,4901,13
191,2022-01-07,2022-01-10,717,3,2576,18
192,2022-01-04,2022-01-10,1658,8,416,23
193,2022-01-07,2022-01-10,826,4,334,12
194,2022-01-04,2022-01-09,2142,10,568,8
195,2022-01-03,2022-01-07,1125,8,2090,22
196,2022-01-01,2022-01-03,2203,10,1302,9
197,2022-01-01,2022-01-01,2866,10,3681,20
198,2022-01-07,2022-01-07,109,1,268,11
199,2022-01-07,2022-01-09,1172,6,4476,12
200,2022-01-06,2022-01-10,333,3,1552,14
201,2022-01-07,2022-01-10,1343,8,2930,19
202,2022-01-03,2022-01-08,823,3,35,14
203,2022-01-01,2022-01-06,475,8,713,18
204,2022-01-02,2022-01-06,175,3,3866,10
205,2022-01-03,2022-01-03,2418,6,1974,22
206,2022-01-05,2022-01-11,907,6,101,15
207,2022-01-04,2022-01-04,58,3,3056,15
208,2022-01-01,2022-01-05,930,5,878,13
209,2022-01-06,2022-01-07,39,1,4907,5
210,2022-01-03,2022-01-05,483,7,3892,20
211,2022-01-04,2022-01-10,109,3,1313,4
212,2022-01-02,2022-01-06,2001,8,1008,17
213,2022-01-07,2022-01-09,904,8,4211,22
214,2022-01-06,2022-01-09,1375,7,3119,23
215,2022-01-07,2022-01-13,1766,5,2846,14
216,2022-01-07,2022-01-10,254,3,4244,20
217,2022-01-07,2022-01-09,1616,10,1673,7
218,2022-01-04,2022-01-06,1293,9,4830,15
219,2022-01-06,2022-01-08,876,9,1300,23
220,2022-01-03,2022-01-05,1752,6,4838,16
221,2022-01-01,2022-01-07,1449,8,2196,18
222,2022-01-04,2022-01-06,349,8,3222,6
223,2022-01-04,2022-01-07,599,1,4415,21
224,2022-01-03,2022-01-06,12,1,1452,9
225,2022-01-02,2022-01-02,2581,9,4494,18
226,2022-01-03,2022-01-07,2049,7,603,11
227,2022-01-02,2022-01-07,581,6,3137,14
228,2022-01-07,2022-01-13,940,5,1458,22
229,2022-01-05,2022-01-09,29,1,2867,14
230,2022-01-05,2022-01-05,29,1,2125,16
231,2022-01-03,2022-01-05,1461,10,4608,22
232,2022-01-03,2022-01-09,143,2,4532,18
233,2022-01-06,2022-01-12,286,4,404,18
234,2022-01-06,2022-01-06,1038,2,4094,15
235,2022-01-03,2022-01-03,611,2,2411,14
236,2022-01-07,2022-01-07,1087,7,2566,13
237,2022-01-05,2022-01-06,1795,6,1501,14
238,2022-01-02,2022-01-03,232,3,3861,5
239,2022-01-04,2022-01-04,826,4,248,12
240,2022-01-03,2022-01-08,2013,9,1530,23
241,2022-01-07,2022-01-07,1912,6,3459,19
242,2022-01-06,2022-01-09,1110,7,2599,20
243,2022-01-05,2022-01-07,855,6,2708,22
244,2022-01-02,2022-01-05,372,9,3174,22
245,2022-01-06,2022-01-12,1877,5,2324,9
246,2022-01-01,2022-01-05,2211,8,3715,4
247,2022-01-06,2022-01-07,2074,9,454,10
248,2022-01-01,2022-01-07,39,3,2929,16
249,2022-01-01,2022-01-07,352,6,3327,6
250,2022-01-07,2022-01-11,1015,7,1169,15
251,2022-01-06,2022-01-06,1015,7,3496,23
252,2022-01-04,2022-01-08,435,8,3360,4
253,2022-01-02,2022-01-03,1447,10,40,14
254,2022-01-07,2022-01-09,1746,4,4359,6
255,2022-01-07,2022-01-12,287,3,2186,8
256,2022-01-04,2022-01-10,332,3,2947,14
257,2022-01-06,2022-01-08,993,6,4575,14
258,2022-01-04,2022-01-06,244,4,1875,18
259,2022-01-05,2022-01-11,1253,10,2211,8
260,2022-01-07,2022-01-12,1388,7,1575,21
261,2022-01-04,2022-01-05,741,4,843,21
262,2022-01-03,2022-01-08,197,2,171,16
263,2022-01-01,2022-01-04,1703,3,2816,7
264,2022-01-02,2022-01-08,485,9,446,14
265,2022-01-05,2022-01-07,1476,5,4434,4
266,2022-01-02,2022-01-07,1280,10,1528,12
267,2022-01-01,2022-01-07,2054,9,602,13
268,2022-01-07,2022-01-11,2142,10,2629,14
269,2022-01-01,2022-01-04,1137,3,2973,6
270,2022-01-07,2022-01-10,457,7,2486,5
271,2022-01-03,2022-01-08,1573,8,1907,7
272,2022-01-05,2022-01-07,734,2,4854,18
273,2022-01-06,2022-01-06,304,3,4854,18
274,2022-01-04,2022-01-04,729,4,2823,15
275,2022-01-02,2022-01-06,1408,7,1630,15
276,2022-01-07,2022-01-07,331,8,28,5
277,2022-01-02,2022-01-05,271,4,3568,11
278,2022-01-05,2022-01-08,118,2,4336,18
279,2022-01-04,2022-01-07,676,3,227,8
280,2022-01-01,2022-01-06,1664,8,340,10
281,2022-01-06,2022-01-12,170,4,1178,8
282,2022-01-06,2022-01-06,68,2,5,11
283,2022-01-04,2022-01-10,186,4,1177,13
284,2022-01-03,2022-01-06,1073,4,4216,18
285,2022-01-06,2022-01-06,71,2,2791,5
286,2022-01-02,2022-01-07,365,5,4880,11
287,2022-01-06,2022-01-08,655,2,1704,5
288,2022-01-03,2022-01-09,233,3,1375,8
289,2022-01-04,2022-01-04,1207,7,2706,15
290,2022-01-02,2022-01-08,2004,10,1874,16
291,2022-01-04,2022-01-04,93,3,779,17
292,2022-01-01,2022-01-01,56,1,1355,5
293,2022-01-01,2022-01-02,2008,10,3819,13
294,2022-01-05,2022-01-11,197,2,4199,21
295,2022-01-05,2022-01-11,114,1,974,17
296,2022-01-07,2022-01-11,2116,9,2598,4
297,2022-01-06,2022-01-10,1516,9,1227,19
298,2022-01-05,2022-01-06,804,2,4434,22
299,2022-01-02,2022-01-04,12,1,2881,22
300,2022-01-04,2022-01-08,2653,9,1040,11
301,2022-01-06,2022-01-10,824,3,1666,12
302,2022-01-05,2022-01-08,971,6,3920,6
303,2022-01-03,2022-01-05,708,2,160,6
304,2022-01-01,2022-01-05,164,2,3725,10
305,2022-01-06,2022-01-09,213,4,1068,18
306,2022-01-02,2022-01-06,1776,5,3812,14
307,2022-01-06,2022-01-11,56,1,1798,4
308,2022-01-03,2022-01-04,392,7,4487,16
309,2022-01-06,2022-01-10,1731,9,1472,22
310,2022-01-02,2022-01-07,383,4,192,14
311,2022-01-04,2022-01-06,182,4,4372,14
312,2022-01-06,2022-01-11,1411,6,2613,5
313,2022-01-01,2022-01-03,133,3,840,22
314,2022-01-06,2022-01-10,645,4,1401,23
315,2022-01-02,2022-01-02,1068,6,4358,7
316,2022-01-04,2022-01-05,1021,8,3926,8
317,2022-01-04,2022-01-08,258,5,3159,21
318,2022-01-05,2022-01-06,1290,10,351,15
319,2022-01-06,2022-01-12,1349,3,4159,20
320,2022-01-07,2022-01-11,558,10,4833,20
321,2022-01-01,2022-01-04,55,1,2949,18
322,2022-01-01,2022-01-02,1488,8,3062,10
323,2022-01-02,2022-01-03,999,1,1651,4
324,2022-01-06,2022-01-10,906,7,505,18
325,2022-01-03,2022-01-09,694,9,539,13
326,2022-01-05,2022-01-05,716,6,2407,13
327,2022-01-04,2022-01-10,849,8,388,21
328,2022-01-02,2022-01-04,2557,9,928,8
329,2022-01-04,2022-01-08,1114,8,4724,11
330,2022-01-01,2022-01-07,822,3,4250,21
331,2022-01-04,2022-01-04,187,3,3700,15
332,2022-01-07,2022-01-08,175,2,111,8
333,2022-01-07,2022-01-13,1405,6,1857,8
334,2022-01-06,2022-01-06,462,7,1829,11
335,2022-01-01,2022-01-02,1778,5,590,8
336,2022-01-06,2022-01-06,1460,9,2630,21
337,2022-01-02,2022-01-04,1127,8,1296,9
338,2022-01-07,2022-01-11,931,4,2435,17
339,2022-01-07,2022-01-11,391,3,1617,7
340,2022-01-02,2022-01-03,204,3,877,14
341,2022-01-04,2022-01-07,137,4,3544,10
342,2022-01-05,2022-01-05,2232,10,239,21
343,2022-01-01,2022-01-07,1464,7,2337,20
344,2022-01-07,2022-01-09,177,2,2995,15
345,2022-01-07,2022-01-09,1476,7,748,7
346,2022-01-07,2022-01-07,330,4,2232,6
347,2022-01-04,2022-01-06,855,7,1261,18
348,2022-01-05,2022-01-08,2019,8,1600,6
349,2022-01-04,2022-01-07,56,1,2150,15
350,2022-01-05,2022-01-07,1113,9,4201,23
351,2022-01-04,2022-01-09,1307,7,1167,10
352,2022-01-02,2022-01-06,68,2,3077,5
353,2022-01-01,2022-01-06,146,5,4366,18
354,2022-01-04,2022-01-08,1029,5,4131,17
355,2022-01-03,2022-01-08,1998,7,4632,6
356,2022-01-03,2022-01-07,457,6,1151,13
357,2022-01-03,2022-01-05,202,5,3045,22
358,2022-01-02,2022-01-08,1216,6,2240,18
359,2022-01-06,2022-01-07,506,9,4486,14
360,2022-01-07,2022-01-11,1306,7,4875,8
361,2022-01-05,2022-01-09,1038,2,2741,8
362,2022-01-04,2022-01-10,1934,9,1342,15
363,2022-01-04,2022-01-09,195,4,31,17
364,2022-01-02,2022-01-04,29,1,1213,19
365,2022-01-07,2022-01-10,1015,3,616,10
366,2022-01-06,2022-01-09,1290,5,1712,12
367,2022-01-03,2022-01-07,1239,8,2477,19
368,2022-01-01,2022-01-02,1345,6,246,14
369,2022-01-07,2022-01-13,1055,10,3984,4
370,2022-01-03,2022-01-04,261,3,66,15
371,2022-01-05,2022-01-08,1063,7,1179,9
372,2022-01-06,2022-01-12,2309,10,3911,4
373,2022-01-01,2022-01-04,723,3,4227,18
374,2022-01-06,2022-01-12,1091,6,136,20
375,2022-01-04,2022-01-09,1022,8,3200,21
376,2022-01-04,2022-01-07,170,3,4716,23
377,2022-01-03,2022-01-03,270,5,3144,14
378,2022-01-06,2022-01-09,2218,10,1322,21
379,2022-01-07,2022-01-13,2642,8,4664,7
380,2022-01-05,2022-01-09,775,6,1799,17
381,2022-01-02,2022-01-02,1447,4,782,7
382,2022-01-06,2022-01-06,93,2,4175,20
383,2022-01-02,2022-01-02,9,1,805,15
384,2022-01-05,2022-01-07,7,1,3461,9
385,2022-01-07,2022-01-12,361,7,3237,9
386,2022-01-03,2022-01-06,173,2,3284,14
387,2022-01-04,2022-01-09,1135,10,102,10
388,2022-01-05,2022-01-08,358,5,172,20
389,2022-01-06,2022-01-07,1948,9,4732,19
390,2022-01-05,2022-01-06,1798,9,3573,23
391,2022-01-07,2022-01-08,910,8,1924,4
392,2022-01-02,2022-01-05,1838,9,3203,21
393,2022-01-07,2022-01-09,55,1,780,18
394,2022-01-06,2022-01-09,1261,8,1590,23
395,2022-01-02,2022-01-04,2556,10,231,13
396,2022-01-04,2022-01-07,1037,7,4899,16
397,2022-01-05,2022-01-05,1534,6,1228,14
398,2022-01-07,2022-01-08,65,2,741,20
399,2022-01-02,2022-01-08,890,4,3105,19
400,2022-01-04,2022-01-04,2115,10,963,11
401,2022-01-04,2022-01-10,212,5,966,4
402,2022-01-04,2022-01-07,228,3,2836,23
403,2022-01-07,2022-01-11,112,3,4242,17
404,2022-01-04,2022-01-05,1319,7,1369,16
405,2022-01-06,2022-01-12,2010,7,4085,21
406,2022-01-03,2022-01-05,2034,6,2846,11
407,2022-01-06,2022-01-09,1068,8,2498,17
408,2022-01-02,2022-01-03,1461,10,433,8
409,2022-01-03,2022-01-08,471,6,80,13
410,2022-01-02,2022-01-06,999,5,1294,12
411,2022-01-07,2022-01-11,1766,9,4081,10
412,2022-01-07,2022-01-12,131,2,1241,9
413,2022-01-02,2022-01-03,982,4,3632,19
414,2022-01-07,2022-01-09,999,1,2437,22
415,2022-01-07,2022-01-08,163,4,561,11
416,2022-01-04,2022-01-04,1043,3,4482,16
417,2022-01-06,2022-01-09,465,9,1204,19
418,2022-01-01,2022-01-03,1095,7,561,11
419,2022-01-02,2022-01-06,1967,8,2100,6
420,2022-01-04,2022-01-04,2027,5,3927,7
421,2022-01-05,2022-01-10,1539,6,4294,22
422,2022-01-05,2022-01-08,2281,10,4192,23
423,2022-01-07,2022-01-12,570,9,4463,21
424,2022-01-07,2022-01-09,2657,10,1801,15
425,2022-01-06,2022-01-07,133,3,3483,5
426,2022-01-05,2022-01-11,2590,10,802,6
427,2022-01-04,2022-01-10,176,5,1076,8
428,2022-01-01,2022-01-01,194,6,1071,17
429,2022-01-03,2022-01-07,624,7,957,20
430,2022-01-06,2022-01-06,465,7,809,14
431,2022-01-02,2022-01-03,989,8,27,12
432,2022-01-04,2022-01-10,114,1,2046,9
433,2022-01-07,2022-01-08,138,4,4086,9
434,2022-01-03,2022-01-05,180,4,3615,5
435,2022-01-06,2022-01-06,2091,9,1105,17
436,2022-01-01,2022-01-02,1109,8,3724,23
437,2022-01-06,2022-01-12,606,2,4119,12
438,2022-01-07,2022-01-10,12,1,1174,10
439,2022-01-01,2022-01-01,1447,10,3852,5
440,2022-01-01,2022-01-02,1572,7,3107,15
441,2022-01-06,2022-01-09,1215,5,4862,5
442,2022-01-06,2022-01-06,998,6,1400,20
443,2022-01-02,2022-01-06,945,8,1074,12
444,2022-01-05,2022-01-09,999,1,177,15
445,2022-01-07,2022-01-12,357,5,185,10
446,2022-01-05,2022-01-06,1292,6,4456,19
447,2022-01-07,2022-01-08,1475,6,3552,5
448,2022-01-05,2022-01-09,938,7,4036,4
449,2022-01-03,2022-01-04,196,4,1109,10
450,2022-01-02,2022-01-04,871,8,1818,20
451,2022-01-01,2022-01-02,127,4,1640,8
452,2022-01-02,2022-01-08,196,6,2835,19
453,2022-01-01,2022-01-07,761,3,1932,8
454,2022-01-01,2022-01-03,1731,6,2212,5
455,2022-01-03,2022-01-04,895,9,4134,4
456,2022-01-05,2022-01-05,1747,7,3056,23
457,2022-01-02,2022-01-07,999,1,4457,22
458,2022-01-01,2022-01-07,1730,9,157,19
459,2022-01-05,2022-01-06,55,1,3754,19
460,2022-01-06,2022-01-12,1603,9,1222,17
461,2022-01-06,2022-01-09,599,1,1155,21
462,2022-01-01,2022-01-05,1196,3,3870,8
463,2022-01-03,2022-01-08,1786,9,1390,8
464,2022-01-07,2022-01-12,2070,10,2662,16
465,2022-01-06,2022-01-08,83,3,79,23
466,2022-01-03,2022-01-08,1970,10,3519,4
467,2022-01-02,2022-01-03,186,4,122,11
468,2022-01-02,2022-01-04,55,1,2490,19
469,2022-01-02,2022-01-06,298,4,1640,13
470,2022-01-05,2022-01-10,2180,10,673,11
471,2022-01-03,2022-01-05,9,1,4163,23
472,2022-01-01,2022-01-05,1126,10,1435,6
473,2022-01-04,2022-01-04,831,3,1706,13
474,2022-01-03,2022-01-06,172,5,2923,5
475,2022-01-07,2022-01-09,647,3,3638,14
476,2022-01-07,2022-01-11,63,2,2041,12
477,2022-01-04,2022-01-08,119,2,4547,9
478,2022-01-06,2022-01-07,470,6,747,9
479,2022-01-01,2022-01-04,114,1,4203,20
480,2022-01-01,2022-01-06,114,1,266,10
481,2022-01-02,2022-01-08,269,5,1258,13
482,2022-01-06,2022-01-09,1410,6,2513,15
483,2022-01-07,2022-01-13,214,4,876,7
484,2022-01-03,2022-01-04,168,1,1724,8
485,2022-01-01,2022-01-01,1165,7,712,4
486,2022-01-02,2022-01-06,529,8,3551,8
487,2022-01-04,2022-01-08,1133,4,1355,17
488,2022-01-04,2022-01-08,2545,10,4035,13
489,2022-01-01,2022-01-03,311,5,2931,9
490,2022-01-04,2022-01-07,95,2,4367,17
491,2022-01-04,2022-01-09,1431,9,2630,12
492,2022-01-02,2022-01-02,2136,7,606,17
493,2022-01-03,2022-01-05,1054,9,3639,21
494,2022-01-05,2022-01-05,1389,7,3923,21
495,2022-01-02,2022-01-02,1115,8,931,10
496,2022-01-04,2022-01-05,450,7,4312,20
497,2022-01-03,2022-01-04,138,2,4509,9
498,2022-01-06,2022-01-11,219,6,1059,20
499,2022-01-04,2022-01-07,123,2,2698,4
500,2022-01-01,2022-01-06,1224,10,799,10
501,2022-01-07,2022-01-10,1206,5,3604,21
502,2022-01-01,2022-01-07,2666,10,567,5
503,2022-01-07,2022-01-08,2147,9,4516,13
504,2022-01-06,2022-01-07,93,2,4275,23
505,2022-01-01,2022-01-01,1004,10,3583,10
506,2022-01-06,2022-01-09,119,2,701,21
507,2022-01-07,2022-01-12,1532,6,4479,18
508,2022-01-07,2022-01-13,93,3,1859,4
509,2022-01-07,2022-01-11,1083,3,185,14
510,2022-01-07,2022-01-11,796,5,195,7
511,2022-01-01,2022-01-03,767,4,1706,10
512,2022-01-05,2022-01-09,247,5,564,23
513,2022-01-01,2022-01-04,1004,6,2525,11
514,2022-01-03,2022-01-06,1009,2,1531,23
515,2022-01-03,2022-01-05,572,9,4346,9
516,2022-01-04,2022-01-07,571,10,4148,21
517,2022-01-05,2022-01-09,2567,10,1338,5
518,2022-01-05,2022-01-06,277,2,1238,21
519,2022-01-07,2022-01-08,9,1,678,7
520,2022-01-02,2022-01-02,1215,7,2128,23
521,2022-01-07,2022-01-09,949,8,1929,14
522,2022-01-03,2022-01-06,12,1,3590,8
523,2022-01-07,2022-01-13,1119,5,1028,18
524,2022-01-02,2022-01-08,1513,5,325,20
525,2022-01-06,2022-01-07,188,3,41,14
526,2022-01-06,2022-01-08,1457,7,672,17
527,2022-01-01,2022-01-07,1678,7,1860,21
528,2022-01-03,2022-01-06,1728,6,3136,10
529,2022-01-05,2022-01-06,363,7,1397,9
530,2022-01-01,2022-01-07,212,3,431,5
531,2022-01-07,2022-01-08,2332,4,2246,11
532,2022-01-05,2022-01-07,1181,5,2869,22
533,2022-01-03,2022-01-06,1265,7,3481,4
534,2022-01-02,2022-01-07,1380,9,3651,15
535,2022-01-02,2022-01-03,1138,10,80,22
536,2022-01-02,2022-01-08,1559,9,155,19
537,2022-01-07,2022-01-09,481,9,2371,15
538,2022-01-01,2022-01-03,299,4,4838,4
539,2022-01-03,2022-01-06,1268,6,2636,6
540,2022-01-03,2022-01-06,131,3,3112,5
541,2022-01-06,2022-01-07,1846,6,1609,15
542,2022-01-07,2022-01-13,755,4,2360,13
543,2022-01-02,2022-01-04,2191,7,401,4
544,2022-01-03,2022-01-03,751,4,4032,8
545,2022-01-05,2022-01-07,308,6,4399,10
546,2022-01-01,2022-01-05,120,4,4058,6
547,2022-01-01,2022-01-04,2712,9,3131,5
548,2022-01-07,2022-01-12,43,3,3598,10
549,2022-01-04,2022-01-05,1610,3,4697,12
550,2022-01-04,2022-01-06,7,1,4398,18
551,2022-01-06,2022-01-08,1636,6,2074,20
552,2022-01-02,2022-01-03,56,1,2830,7
553,2022-01-05,2022-01-06,2685,10,3780,4
554,2022-01-07,2022-01-09,1011,2,73,15
555,2022-01-06,2022-01-08,2341,6,2626,9
556,2022-01-04,2022-01-10,334,6,2212,21
557,2022-01-06,2022-01-07,2075,10,3479,6
558,2022-01-07,2022-01-11,1288,9,1920,9
559,2022-01-05,2022-01-10,1368,5,2611,5
560,2022-01-03,2022-01-09,310,7,2123,22
561,2022-01-06,2022-01-11,245,5,1897,23
562,2022-01-05,2022-01-09,1655,9,754,9
563,2022-01-05,2022-01-11,820,4,3702,6
564,2022-01-04,2022-01-04,1894,9,4603,15
565,2022-01-01,2022-01-06,1604,9,1000,21
566,2022-01-02,2022-01-03,1281,9,3275,9
567,2022-01-05,2022-01-06,1570,8,4429,12
568,2022-01-06,2022-01-08,55,1,4114,19
569,2022-01-06,2022-01-09,116,2,2069,11
570,2022-01-05,2022-01-07,168,1,178,20
571,2022-01-06,2022-01-10,931,6,1752,12
572,2022-01-04,2022-01-08,176,3,156,8
573,2022-01-06,2022-01-10,1928,8,3703,12
574,2022-01-05,2022-01-06,1443,10,973,13
575,2022-01-02,2022-01-05,254,4,3889,9
576,2022-01-07,2022-01-10,1327,9,1440,10
577,2022-01-05,2022-01-06,999,1,3462,20
578,2022-01-01,2022-01-04,1573,8,947,9
579,2022-01-06,2022-01-07,65,5,251,23
580,2022-01-03,2022-01-09,54,2,2174,8
581,2022-01-03,2022-01-08,771,7,4797,11
582,2022-01-07,2022-01-13,444,7,2476,11
583,2022-01-07,2022-01-07,1504,9,2200,13
584,2022-01-05,2022-01-11,654,9,174,23
585,2022-01-03,2022-01-04,56,1,1727,21
586,2022-01-01,2022-01-02,1179,7,1227,17
587,2022-01-05,2022-01-08,1995,10,4698,4
588,2022-01-04,2022-01-09,788,6,1866,4
589,2022-01-02,2022-01-06,676,3,673,19
590,2022-01-07,2022-01-09,83,3,3571,16
591,2022-01-07,2022-01-13,9,1,4850,8
592,2022-01-06,2022-01-11,372,4,3484,23
593,2022-01-06,2022-01-06,695,1,3699,18
594,2022-01-02,2022-01-04,1395,9,1392,22
595,2022-01-05,2022-01-08,342,4,2977,20
596,2022-01-07,2022-01-13,15,1,247,8
597,2022-01-05,2022-01-06,19,2,4213,17
598,2022-01-04,2022-01-07,1194,8,2374,15
599,2022-01-07,2022-01-12,168,1,2687,5
600,2022-01-07,2022-01-07,1878,8,3772,15
601,2022-01-01,2022-01-05,843,3,1804,17
602,2022-01-01,2022-01-03,1137,5,189,22
603,2022-01-02,2022-01-05,44,2,324,9
604,2022-01-01,2022-01-03,1272,10,226,6
605,2022-01-03,2022-01-03,1849,6,583,20
606,2022-01-06,2022-01-10,289,3,413,16
607,2022-01-02,2022-01-08,585,9,776,13
608,2022-01-03,2022-01-08,2548,9,1205,16
609,2022-01-03,2022-01-08,96,6,1503,19
610,2022-01-03,2022-01-03,55,1,4522,11
611,2022-01-05,2022-01-07,22,1,753,23
612,2022-01-03,2022-01-08,71,2,3886,5
613,2022-01-04,2022-01-07,335,6,3410,5
614,2022-01-03,2022-01-09,1881,7,1280,18
615,2022-01-02,2022-01-04,286,4,899,9
616,2022-01-04,2022-01-06,871,6,3156,23
617,2022-01-02,2022-01-02,24,2,1649,23
618,2022-01-03,2022-01-09,10,1,2686,21
619,2022-01-06,2022-01-09,178,5,4160,23
620,2022-01-06,2022-01-09,1413,10,2403,20
621,2022-01-07,2022-01-07,1540,9,3974,10
622,2022-01-04,2022-01-10,1066,10,2864,9
623,2022-01-01,2022-01-06,1670,10,4452,10
624,2022-01-03,2022-01-06,1001,6,1373,20
625,2022-01-02,2022-01-08,2023,7,4419,5
626,2022-01-05,2022-01-08,1176,3,1231,13
627,2022-01-02,2022-01-06,261,6,3813,14
628,2022-01-02,2022-01-02,849,6,1433,8
629,2022-01-05,2022-01-11,513,10,2078,6
630,2022-01-02,2022-01-04,263,6,2127,10
631,2022-01-04,2022-01-08,2227,9,1578,16
632,2022-01-04,2022-01-10,273,5,4132,11
633,2022-01-03,2022-01-04,41,3,1234,8
634,2022-01-01,2022-01-05,12,1,1061,8
635,2022-01-01,2022-01-01,9,1,2043,12
636,2022-01-02,2022-01-03,1232,7,1155,4
637,2022-01-05,2022-01-11,967,8,631,17
638,2022-01-02,2022-01-08,884,10,1358,5
639,2022-01-06,2022-01-12,999,1,1641,20
640,2022-01-05,2022-01-09,804,2,1111,15
641,2022-01-07,2022-01-08,77,2,2612,19
642,2022-01-01,2022-01-01,1378,10,906,21
643,2022-01-03,2022-01-07,1766,5,2702,18
644,2022-01-07,2022-01-07,359,7,1076,6
645,2022-01-01,2022-01-06,238,3,1445,18
646,2022-01-03,2022-01-03,956,5,4687,16
647,2022-01-07,2022-01-08,938,9,2679,15
648,2022-01-04,2022-01-07,148,3,1534,10
649,2022-01-01,2022-01-04,194,6,522,13
650,2022-01-07,2022-01-11,1241,6,1856,13
651,2022-01-05,2022-01-06,1364,9,205,13
652,2022-01-02,2022-01-08,170,4,1479,6
653,2022-01-06,2022-01-07,1076,4,3564,19
654,2022-01-07,2022-01-08,1488,7,1274,15
655,2022-01-01,2022-01-07,109,1,362,19
656,2022-01-06,2022-01-07,358,7,4184,11
657,2022-01-05,2022-01-09,2744,9,4715,10
658,2022-01-04,2022-01-08,1430,9,2736,16
659,2022-01-03,2022-01-06,173,2,3194,14
660,2022-01-03,2022-01-08,323,6,4652,16
661,2022-01-07,2022-01-08,981,9,88,4
662,2022-01-04,2022-01-04,9,1,3559,9
663,2022-01-03,2022-01-09,412,9,2381,5
664,2022-01-07,2022-01-12,55,1,2373,4
665,2022-01-04,2022-01-08,1990,10,1033,8
666,2022-01-05,2022-01-10,368,8,2941,19
667,2022-01-04,2022-01-06,379,9,2892,10
668,2022-01-04,2022-01-09,2035,8,4034,4
669,2022-01-01,2022-01-06,168,1,2836,14
670,2022-01-06,2022-01-08,2105,10,3681,4
671,2022-01-06,2022-01-10,320,4,2931,14
672,2022-01-04,2022-01-04,186,3,3383,4
673,2022-01-05,2022-01-07,7,1,4343,15
674,2022-01-02,2022-01-04,136,3,4869,12
675,2022-01-04,2022-01-05,1287,8,27,19
676,2022-01-01,2022-01-04,764,4,1539,10
677,2022-01-01,2022-01-04,399,9,1747,13
678,2022-01-07,2022-01-13,1042,9,1226,4
679,2022-01-07,2022-01-11,2093,10,2419,5
680,2022-01-06,2022-01-06,180,2,2703,19
681,2022-01-01,2022-01-04,2025,10,3280,22
682,2022-01-01,2022-01-07,414,7,58,5
683,2022-01-05,2022-01-08,2053,8,4535,19
684,2022-01-06,2022-01-09,244,7,2464,21
685,2022-01-03,2022-01-08,1228,7,4044,14
686,2022-01-05,2022-01-09,2120,7,3893,22
687,2022-01-01,2022-01-06,1841,5,454,20
688,2022-01-05,2022-01-10,384,7,1368,21
689,2022-01-05,2022-01-07,1294,2,471,6
690,2022-01-02,2022-01-04,2591,8,3736,14
691,2022-01-05,2022-01-07,264,6,586,15
692,2022-01-06,2022-01-07,442,4,1838,17
693,2022-01-02,2022-01-07,9,1,905,13
694,2022-01-01,2022-01-03,2448,7,2769,6
695,2022-01-07,2022-01-08,234,4,2154,21
696,2022-01-03,2022-01-09,163,6,2386,17
697,2022-01-07,2022-01-07,422,6,2298,19
698,2022-01-01,2022-01-02,1576,10,167,11
699,2022-01-01,2022-01-05,1067,4,762,11
700,2022-01-01,2022-01-03,769,4,3973,4
701,2022-01-03,2022-01-05,21,2,734,4
702,2022-01-03,2022-01-07,2466,5,1666,23
703,2022-01-02,2022-01-04,685,5,2807,19
704,2022-01-02,2022-01-06,7,1,4358,4
705,2022-01-04,2022-01-05,993,10,2357,13
706,2022-01-04,2022-01-09,999,1,873,12
707,2022-01-06,2022-01-06,1399,9,3855,10
708,2022-01-03,2022-01-04,722,3,4885,19
709,2022-01-02,2022-01-02,197,4,369,12
710,2022-01-03,2022-01-07,1733,7,1739,21
711,2022-01-04,2022-01-09,1960,10,3349,14
712,2022-01-07,2022-01-10,1080,4,2506,21
713,2022-01-07,2022-01-12,360,7,1849,15
714,2022-01-04,2022-01-05,12,1,4731,11
715,2022-01-07,2022-01-11,245,7,4547,22
716,2022-01-07,2022-01-12,64,1,3817,4
717,2022-01-01,2022-01-05,1998,10,1492,6
718,2022-01-07,2022-01-10,1106,4,3719,5
719,2022-01-05,2022-01-05,2102,10,1085,8
720,2022-01-03,2022-01-08,708,2,193,20
721,2022-01-01,2022-01-02,1401,7,1577,4
722,2022-01-03,2022-01-06,998,9,4087,5
723,2022-01-01,2022-01-03,895,7,1319,7
724,2022-01-01,2022-01-03,1499,7,3726,20
725,2022-01-03,2022-01-06,109,1,3185,13
726,2022-01-05,2022-01-09,183,4,2710,9
727,2022-01-06,2022-01-08,286,3,3738,8
728,2022-01-04,2022-01-05,456,7,1401,18
729,2022-01-03,2022-01-09,2028,9,2905,10
730,2022-01-01,2022-01-01,1198,7,3375,10
731,2022-01-03,2022-01-07,2048,10,4122,5
732,2022-01-03,2022-01-03,1200,7,2788,13
733,2022-01-05,2022-01-05,1092,4,4404,5
734,2022-01-04,2022-01-08,565,10,334,13
735,2022-01-07,2022-01-07,36,2,1848,12
736,2022-01-05,2022-01-10,1722,10,4204,11
737,2022-01-01,2022-01-07,135,4,1252,5
738,2022-01-01,2022-01-01,201,4,596,17
739,2022-01-05,2022-01-08,318,8,660,12
740,2022-01-05,2022-01-07,869,4,297,21
741,2022-01-04,2022-01-08,1129,6,1096,16
742,2022-01-02,2022-01-07,2154,10,3224,10
743,2022-01-07,2022-01-13,504,10,1554,15
744,2022-01-03,2022-01-03,654,2,2495,15
745,2022-01-03,2022-01-06,1032,4,496,5
746,2022-01-07,2022-01-09,1130,3,4656,16
747,2022-01-06,2022-01-06,1606,9,3013,12
748,2022-01-05,2022-01-05,1451,9,4134,7
749,2022-01-06,2022-01-12,9,1,3940,23
750,2022-01-03,2022-01-03,1025,10,1178,10
751,2022-01-01,2022-01-05,1435,5,3650,12
752,2022-01-04,2022-01-05,851,6,2306,7
753,2022-01-07,2022-01-11,7,1,3300,17
754,2022-01-07,2022-01-08,872,5,1265,14
755,2022-01-03,2022-01-09,2025,10,4515,15
756,2022-01-05,2022-01-10,485,10,337,9
757,2022-01-01,2022-01-02,2653,9,1156,18
758,2022-01-07,2022-01-13,1685,9,3856,5
759,2022-01-02,2022-01-08,9,1,1175,9
760,2022-01-02,2022-01-02,1904,9,2468,6
761,2022-01-03,2022-01-07,2224,10,3080,16
762,2022-01-02,2022-01-08,252,5,948,10
763,2022-01-01,2022-01-01,788,5,3035,22
764,2022-01-05,2022-01-06,350,5,3627,20
765,2022-01-01,2022-01-03,1593,9,2370,19
766,2022-01-05,2022-01-05,1651,6,1545,22
767,2022-01-03,2022-01-09,22,1,391,18
768,2022-01-04,2022-01-08,423,5,4485,18
769,2022-01-04,2022-01-07,133,3,2956,13
770,2022-01-03,2022-01-04,1411,6,2686,18
771,2022-01-06,2022-01-09,169,4,1436,14
772,2022-01-06,2022-01-06,195,4,2468,10
773,2022-01-03,2022-01-03,981,5,1911,10
774,2022-01-05,2022-01-09,1009,2,150,9
775,2022-01-03,2022-01-08,462,5,3160,17
776,2022-01-05,2022-01-05,257,4,4549,12
777,2022-01-01,2022-01-05,1362,7,4174,11
778,2022-01-07,2022-01-11,188,4,1199,10
779,2022-01-06,2022-01-12,79,2,1609,6
780,2022-01-06,2022-01-12,1771,5,235,16
781,2022-01-01,2022-01-03,109,1,3769,5
782,2022-01-06,2022-01-06,2002,8,648,23
783,2022-01-03,2022-01-04,814,3,1998,4
784,2022-01-06,2022-01-12,195,5,2610,19
785,2022-01-03,2022-01-09,795,6,3771,13
786,2022-01-04,2022-01-04,10,1,2120,23
787,2022-01-03,2022-01-06,469,9,3976,8
788,2022-01-03,2022-01-08,1293,4,4196,21
789,2022-01-04,2022-01-05,1124,5,736,21
790,2022-01-05,2022-01-11,119,2,2449,4
791,2022-01-06,2022-01-07,1177,3,915,23
792,2022-01-03,2022-01-05,1477,9,1964,18
793,2022-01-07,2022-01-09,1792,7,2684,8
794,2022-01-02,2022-01-07,694,9,2548,11
795,2022-01-01,2022-01-06,1062,7,4864,6
796,2022-01-06,2022-01-07,336,7,2025,16
797,2022-01-01,2022-01-02,1038,8,269,13
798,2022-01-04,2022-01-08,1356,7,1549,6
799,2022-01-07,2022-01-11,1387,10,4014,5
800,2022-01-05,2022-01-07,2033,7,4246,11
801,2022-01-04,2022-01-05,327,8,4385,7
802,2022-01-02,2022-01-08,990,7,147,19
803,2022-01-02,2022-01-08,745,6,1142,5
804,2022-01-05,2022-01-08,1138,6,3870,19
805,2022-01-06,2022-01-09,461,6,3286,7
806,2022-01-03,2022-01-08,2105,10,1582,11
807,2022-01-01,2022-01-02,923,9,1916,16
808,2022-01-02,2022-01-06,1955,8,3036,6
809,2022-01-05,2022-01-06,1882,6,1547,8
810,2022-01-02,2022-01-03,1181,6,1593,10
811,2022-01-06,2022-01-09,928,4,3528,17
812,2022-01-03,2022-01-04,2077,9,587,12
813,2022-01-07,2022-01-10,39,1,3057,13
814,2022-01-03,2022-01-04,841,4,1521,10
815,2022-01-07,2022-01-11,702,3,3500,19
816,2022-01-04,2022-01-07,197,2,3034,10
817,2022-01-07,2022-01-12,1351,6,4296,11
818,2022-01-02,2022-01-06,1444,6,562,8
819,2022-01-07,2022-01-09,1237,8,4611,10
820,2022-01-03,2022-01-04,9,1,203,20
821,2022-01-04,2022-01-04,1326,8,589,10
822,2022-01-03,2022-01-09,1874,9,1214,19
823,2022-01-04,2022-01-07,1317,7,1505,12
824,2022-01-01,2022-01-02,131,2,4907,21
825,2022-01-07,2022-01-11,695,1,4809,17
826,2022-01-04,2022-01-04,1707,3,1111,21
827,2022-01-02,2022-01-03,1584,9,4583,8
828,2022-01-06,2022-01-06,1101,9,1650,14
829,2022-01-05,2022-01-06,239,3,2983,15
830,2022-01-06,2022-01-11,240,4,2713,14
831,2022-01-02,2022-01-07,945,5,3413,18
832,2022-01-07,2022-01-12,1075,10,2964,13
833,2022-01-06,2022-01-11,465,6,13,11
834,2022-01-04,2022-01-09,1108,2,2767,19
835,2022-01-06,2022-01-07,599,1,2725,22
836,2022-01-02,2022-01-02,928,7,3913,12
837,2022-01-06,2022-01-08,29,1,2004,15
838,2022-01-01,2022-01-01,29,1,4042,5
839,2022-01-01,2022-01-02,1775,10,4620,16
840,2022-01-03,2022-01-06,999,1,1633,13
841,2022-01-06,2022-01-11,84,2,4200,22
842,2022-01-01,2022-01-07,2020,10,4359,23
843,2022-01-03,2022-01-05,1014,2,1072,5
844,2022-01-06,2022-01-11,1773,4,453,8
845,2022-01-03,2022-01-05,1788,9,2787,10
846,2022-01-05,2022-01-09,1163,10,1391,17
847,2022-01-05,2022-01-06,2451,9,1522,18
848,2022-01-04,2022-01-06,1623,9,4119,19
849,2022-01-06,2022-01-07,1304,6,2199,4
850,2022-01-05,2022-01-05,826,3,3456,17
851,2022-01-03,2022-01-08,195,4,594,13
852,2022-01-01,2022-01-07,12,1,2468,10
853,2022-01-01,2022-01-06,2058,9,2350,10
854,2022-01-07,2022-01-07,261,5,2999,21
855,2022-01-04,2022-01-10,54,2,4870,22
856,2022-01-03,2022-01-06,424,7,3427,6
857,2022-01-02,2022-01-02,109,1,3540,21
858,2022-01-02,2022-01-02,1251,6,108,22
859,2022-01-03,2022-01-07,434,9,1858,4
860,2022-01-07,2022-01-11,650,9,3257,15
861,2022-01-06,2022-01-09,1531,6,1780,6
862,2022-01-06,2022-01-11,1067,9,3515,20
863,2022-01-05,2022-01-09,388,7,1205,15
864,2022-01-03,2022-01-03,56,1,3616,5
865,2022-01-07,2022-01-09,999,6,821,13
866,2022-01-04,2022-01-09,1096,7,1161,8
867,2022-01-03,2022-01-04,1853,7,4546,16
868,2022-01-06,2022-01-12,1860,7,2454,7
869,2022-01-05,2022-01-09,1059,6,1208,18
870,2022-01-05,2022-01-06,199,3,590,5
871,2022-01-02,2022-01-05,121,2,355,16
872,2022-01-02,2022-01-05,2573,9,3815,15
873,2022-01-03,2022-01-08,730,3,1073,19
874,2022-01-06,2022-01-08,699,4,2239,15
875,2022-01-01,2022-01-07,1054,8,2864,20
876,2022-01-05,2022-01-09,1180,10,3608,19
877,2022-01-07,2022-01-12,2145,8,3733,16
878,2022-01-01,2022-01-06,1215,5,4821,9
879,2022-01-04,2022-01-04,143,4,2088,21
880,2022-01-02,2022-01-04,1225,5,781,10
881,2022-01-07,2022-01-13,918,6,1980,21
882,2022-01-01,2022-01-02,189,4,1681,13
883,2022-01-03,2022-01-08,138,2,898,12
884,2022-01-05,2022-01-07,501,7,2165,8
885,2022-01-03,2022-01-06,128,4,3503,7
886,2022-01-03,2022-01-07,410,9,1977,15
887,2022-01-01,2022-01-05,615,3,4327,12
888,2022-01-07,2022-01-07,1809,7,3320,15
889,2022-01-05,2022-01-05,362,8,1835,4
890,2022-01-07,2022-01-08,727,5,4167,9
891,2022-01-04,2022-01-10,1393,6,2598,16
892,2022-01-06,2022-01-07,147,4,4544,5
893,2022-01-05,2022-01-06,943,5,1585,8
894,2022-01-01,2022-01-07,401,8,4401,19
895,2022-01-05,2022-01-08,757,4,695,9
896,2022-01-06,2022-01-08,2685,10,745,6
897,2022-01-04,2022-01-09,1053,3,150,8
898,2022-01-02,2022-01-07,1078,4,170,6
899,2022-01-05,2022-01-11,74,3,1831,19
900,2022-01-06,2022-01-06,1256,5,593,17
901,2022-01-01,2022-01-01,79,3,1590,10
902,2022-01-06,2022-01-06,660,10,3013,16
903,2022-01-03,2022-01-06,740,4,4551,19
904,2022-01-03,2022-01-03,168,1,3319,9
905,2022-01-05,2022-01-11,1374,6,3484,11
906,2022-01-01,2022-01-02,2562,7,2590,11
907,2022-01-04,2022-01-09,39,1,2886,5
908,2022-01-05,2022-01-05,955,6,3909,10
909,2022-01-03,2022-01-07,178,4,4687,14
910,2022-01-02,2022-01-07,2035,9,3253,21
911,2022-01-05,2022-01-11,2127,8,856,22
912,2022-01-04,2022-01-09,15,1,4479,11
913,2022-01-03,2022-01-07,1294,2,2646,7
914,2022-01-02,2022-01-02,1372,7,3419,21
915,2022-01-06,2022-01-11,960,9,4537,22
916,2022-01-06,2022-01-12,2033,9,4549,15
917,2022-01-06,2022-01-12,1668,9,4299,15
918,2022-01-01,2022-01-06,1540,8,4674,13
919,2022-01-01,2022-01-04,1055,2,4825,15
920,2022-01-02,2022-01-03,29,1,175,7
921,2022-01-07,2022-01-10,1790,7,1475,13
922,2022-01-04,2022-01-08,12,1,2707,6
923,2022-01-02,2022-01-05,55,1,544,17
924,2022-01-03,2022-01-06,996,5,1746,22
925,2022-01-04,2022-01-10,282,2,1044,11
926,2022-01-06,2022-01-06,210,5,1367,19
927,2022-01-01,2022-01-07,2070,9,1537,9
928,2022-01-07,2022-01-08,2569,9,3110,22
929,2022-01-02,2022-01-03,1481,9,4442,13
930,2022-01-07,2022-01-09,2005,8,451,11
931,2022-01-03,2022-01-04,56,1,1909,20
932,2022-01-02,2022-01-06,1956,9,2468,17
933,2022-01-07,2022-01-07,779,3,3205,13
934,2022-01-06,2022-01-10,804,2,429,16
935,2022-01-03,2022-01-06,194,4,1858,16
936,2022-01-02,2022-01-06,307,7,3199,18
937,2022-01-05,2022-01-06,903,4,3938,21
938,2022-01-04,2022-01-04,83,3,3578,18
939,2022-01-06,2022-01-10,318,5,387,4
940,2022-01-04,2022-01-10,434,8,803,18
941,2022-01-03,2022-01-08,1167,5,2203,5
942,2022-01-04,2022-01-05,1950,6,3454,21
943,2022-01-03,2022-01-09,1859,6,2619,13
944,2022-01-01,2022-01-02,1090,7,1192,19
945,2022-01-01,2022-01-01,1081,9,2745,19
946,2022-01-07,2022-01-09,1018,9,2569,10
947,2022-01-06,2022-01-09,774,4,2332,6
948,2022-01-01,2022-01-05,555,10,4320,15
949,2022-01-05,2022-01-05,877,5,1521,20
950,2022-01-07,2022-01-13,1724,9,2726,8
951,2022-01-03,2022-01-09,586,9,3295,19
952,2022-01-06,2022-01-10,352,5,1943,6
953,2022-01-06,2022-01-11,2026,10,3038,6
954,2022-01-01,2022-01-02,244,5,2262,15
955,2022-01-06,2022-01-06,138,3,2749,10
956,2022-01-03,2022-01-05,259,6,3227,8
957,2022-01-01,2022-01-06,15,1,945,21
958,2022-01-04,2022-01-06,580,9,133,9
959,2022-01-06,2022-01-08,56,1,3025,10
960,2022-01-06,2022-01-06,180,2,1847,10
961,2022-01-03,2022-01-08,168,1,3699,10
962,2022-01-04,2022-01-05,2652,9,4193,17
963,2022-01-06,2022-01-06,936,4,3836,18
964,2022-01-03,2022-01-03,505,8,160,18
965,2022-01-04,2022-01-05,1250,6,1235,12
966,2022-01-06,2022-01-09,64,1,3191,6
967,2022-01-04,2022-01-06,85,2,4264,4
968,2022-01-01,2022-01-06,504,10,76,21
969,2022-01-02,2022-01-02,245,3,829,18
970,2022-01-01,2022-01-04,291,4,944,4
971,2022-01-07,2022-01-08,724,2,4331,11
972,2022-01-04,2022-01-08,109,4,2323,8
973,2022-01-02,2022-01-04,179,5,1539,6
974,2022-01-05,2022-01-06,1245,10,370,8
975,2022-01-03,2022-01-06,29,1,3564,18
976,2022-01-02,2022-01-06,1701,5,3152,19
977,2022-01-07,2022-01-09,424,8,2255,11
978,2022-01-05,2022-01-07,241,4,178,12
979,2022-01-01,2022-01-06,121,3,438,20
980,2022-01-05,2022-01-10,1284,7,4581,10
981,2022-01-01,2022-01-06,29,1,4067,10
982,2022-01-06,2022-01-09,401,4,1171,6
983,2022-01-06,2022-01-06,430,10,4547,10
984,2022-01-02,2022-01-06,170,2,896,18
985,2022-01-03,2022-01-09,1989,9,4640,19
986,2022-01-07,2022-01-11,1187,10,499,13
987,2022-01-07,2022-01-12,946,7,961,18
988,2022-01-03,2022-01-09,2042,9,4871,20
989,2022-01-05,2022-01-06,356,6,3625,17
990,2022-01-05,2022-01-06,1887,6,4462,9
991,2022-01-02,2022-01-03,279,7,52,20
992,2022-01-05,2022-01-09,289,3,1455,12
993,2022-01-02,2022-01-07,1257,8,4730,22
994,2022-01-01,2022-01-02,12,1,3628,23
995,2022-01-01,2022-01-03,1248,6,12,11
996,2022-01-05,2022-01-10,19,2,224,20
997,2022-01-07,2022-01-11,863,2,1532,4
998,2022-01-04,2022-01-10,902,7,4825,9
999,2022-01-04,2022-01-07,1203,6,448,15
1000,2022-01-02,2022-01-05,31,2,4189,15
1001,2022-01-01,2022-01-04,118,2,579,18
1002,2022-01-07,2022-01-12,898,8,4791,21
1003,2022-01-06,2022-01-09,91,4,1941,11
1004,2022-01-05,2022-01-10,1082,4,261,5
1005,2022-01-04,2022-01-05,2186,10,1302,11
1006,2022-01-06,2022-01-11,1166,5,2303,15
1007,2022-01-07,2022-01-12,1870,7,3403,10
1008,2022-01-06,2022-01-08,213,6,948,7
1009,2022-01-01,2022-01-02,1840,6,4727,12
1010,2022-01-06,2022-01-10,1191,8,3874,10
1011,2022-01-07,2022-01-09,704,2,2574,12
1012,2022-01-01,2022-01-05,2681,9,3746,18
1013,2022-01-03,2022-01-05,425,10,497,10
1014,2022-01-01,2022-01-06,1093,4,2860,14
1015,2022-01-01,2022-01-06,757,7,3850,7
1016,2022-01-06,2022-01-09,438,8,2724,16
1017,2022-01-02,2022-01-03,442,5,4358,16
1018,2022-01-03,2022-01-03,1284,9,3244,15
1019,2022-01-03,2022-01-05,1276,3,1721,18
1020,2022-01-01,2022-01-01,1862,7,1157,20
1021,2022-01-01,2022-01-07,1243,8,4300,15
1022,2022-01-03,2022-01-05,1321,7,94,21
1023,2022-01-06,2022-01-08,546,10,907,9
1024,2022-01-05,2022-01-06,1409,6,3006,10
1025,2022-01-02,2022-01-02,178,3,1799,8
1026,2022-01-02,2022-01-04,1150,8,2995,15
1027,2022-01-05,2022-01-10,1246,4,4672,7
1028,2022-01-05,2022-01-05,1078,4,999,8
1029,2022-01-03,2022-01-08,450,9,749,7
1030,2022-01-05,2022-01-07,233,3,3569,19
1031,2022-01-02,2022-01-03,1202,4,2858,12
1032,2022-01-05,2022-01-07,2050,7,2382,13
1033,2022-01-06,2022-01-08,177,2,2490,12
1034,2022-01-02,2022-01-03,1796,7,3475,11
1035,2022-01-03,2022-01-06,290,6,874,4
1036,2022-01-06,2022-01-08,1028,2,1988,19
1037,2022-01-06,2022-01-06,1118,3,631,8
1038,2022-01-04,2022-01-09,2127,10,150,20
1039,2022-01-07,2022-01-13,1763,7,3659,20
1040,2022-01-03,2022-01-09,173,3,2450,17
1041,2022-01-07,2022-01-10,138,2,4100,4
1042,2022-01-04,2022-01-06,1899,7,1597,21
1043,2022-01-05,2022-01-11,2042,10,3165,17
1044,2022-01-05,2022-01-11,22,1,3407,14
1045,2022-01-04,2022-01-06,111,2,796,6
1046,2022-01-07,2022-01-12,1534,10,463,15
1047,2022-01-02,2022-01-02,130,3,2898,21
1048,2022-01-04,2022-01-07,845,4,4565,22
1049,2022-01-05,2022-01-07,1213,10,3007,14
1050,2022-01-02,2022-01-07,1445,10,952,20
1051,2022-01-04,2022-01-04,64,1,1956,7
1052,2022-01-04,2022-01-06,790,5,4132,12
1053,2022-01-06,2022-01-07,2262,10,4237,21
1054,2022-01-06,2022-01-07,315,5,683,15
1055,2022-01-02,2022-01-02,299,4,165,6
1056,2022-01-05,2022-01-11,1757,10,3042,11
1057,2022-01-06,2022-01-09,127,4,3203,17
1058,2022-01-07,2022-01-13,1194,5,281,6
1059,2022-01-05,2022-01-05,461,9,3565,4
1060,2022-01-01,2022-01-06,928,6,2077,7
1061,2022-01-06,2022-01-06,985,8,2360,5
1062,2022-01-01,2022-01-02,9,1,4733,8
1063,2022-01-02,2022-01-05,55,1,1771,23
1064,2022-01-07,2022-01-09,109,1,4545,21
1065,2022-01-06,2022-01-11,39,1,214,16
1066,2022-01-07,2022-01-09,1050,9,2397,19
1067,2022-01-06,2022-01-10,314,6,2235,6
1068,2022-01-05,2022-01-07,759,8,3276,9
1069,2022-01-06,2022-01-06,988,10,1216,15
1070,2022-01-07,2022-01-10,1015,6,1175,22
1071,2022-01-04,2022-01-04,55,1,1388,5
1072,2022-01-04,2022-01-06,2087,10,4099,14
1073,2022-01-06,2022-01-06,1380,6,4182,8
1074,2022-01-01,2022-01-07,123,2,1196,4
1075,2022-01-04,2022-01-10,12,1,1812,15
1076,2022-01-04,2022-01-07,732,4,1515,6
1077,2022-01-01,2022-01-02,654,2,1401,8
1078,2022-01-01,2022-01-03,457,5,1122,6
1079,2022-01-04,2022-01-04,1535,8,1671,6
1080,2022-01-05,2022-01-11,12,1,3818,17
1081,2022-01-05,2022-01-06,2084,10,1876,18
1082,2022-01-07,2022-01-13,599,1,1820,11
1083,2022-01-01,2022-01-06,41,2,4637,17
1084,2022-01-04,2022-01-04,1644,8,2274,6
1085,2022-01-07,2022-01-08,848,5,1617,4
1086,2022-01-01,2022-01-05,895,7,504,17
1087,2022-01-03,2022-01-09,131,2,2917,9
1088,2022-01-01,2022-01-01,2001,9,1038,11
1089,2022-01-02,2022-01-08,15,1,3923,17
1090,2022-01-07,2022-01-12,1093,3,4109,5
1091,2022-01-04,2022-01-05,1592,7,1459,18
1092,2022-01-05,2022-01-10,143,4,2022,7
1093,2022-01-03,2022-01-09,1498,10,4026,14
1094,2022-01-06,2022-01-10,948,7,1030,23
1095,2022-01-04,2022-01-07,286,3,2187,5
1096,2022-01-01,2022-01-06,1518,6,409,15
1097,2022-01-06,2022-01-10,1227,7,4444,18
1098,2022-01-04,2022-01-09,224,2,2281,17
1099,2022-01-03,2022-01-07,734,2,3276,19
1100,2022-01-05,2022-01-07,1123,7,583,6
1101,2022-01-03,2022-01-04,2015,7,3414,4
1102,2022-01-06,2022-01-11,148,2,4115,18
1103,2022-01-05,2022-01-07,54,2,1065,4
1104,2022-01-01,2022-01-04,22,1,2176,17
1105,2022-01-05,2022-01-08,883,7,2683,9
1106,2022-01-04,2022-01-10,1121,10,3785,10
1107,2022-01-07,2022-01-08,1948,6,3498,16
1108,2022-01-03,2022-01-06,449,8,4379,8
1109,2022-01-05,2022-01-07,1038,9,3186,18
1110,2022-01-02,2022-01-02,56,1,557,17
1111,2022-01-04,2022-01-09,176,3,4527,6
1112,2022-01-06,2022-01-12,240,4,1916,13
1113,2022-01-07,2022-01-08,2002,9,4572,11
1114,2022-01-04,2022-01-10,731,3,4324,11
1115,2022-01-05,2022-01-06,326,5,2605,9
1116,2022-01-01,2022-01-07,1649,4,4651,11
1117,2022-01-06,2022-01-07,529,7,3876,11
1118,2022-01-05,2022-01-07,311,4,3179,15
1119,2022-01-07,2022-01-09,948,6,4197,15
1120,2022-01-06,2022-01-10,1085,10,1386,10
1121,2022-01-06,2022-01-07,68,2,1204,12
1122,2022-01-07,2022-01-12,1043,7,3398,4
1123,2022-01-06,2022-01-06,1704,3,139,20
1124,2022-01-03,2022-01-07,323,6,2828,17
1125,2022-01-06,2022-01-11,616,10,230,21
1126,2022-01-02,2022-01-03,168,1,3317,10
1127,2022-01-06,2022-01-10,1912,6,2071,8
1128,2022-01-01,2022-01-03,1641,9,639,22
1129,2022-01-05,2022-01-08,1604,9,3541,13
1130,2022-01-03,2022-01-03,1454,10,3009,9
1131,2022-01-01,2022-01-07,339,7,2687,22
1132,2022-01-06,2022-01-08,1537,9,1197,14
1133,2022-01-03,2022-01-04,434,7,4769,6
1134,2022-01-06,2022-01-11,1111,8,3779,22
1135,2022-01-03,2022-01-08,1865,7,2337,16
1136,2022-01-07,2022-01-08,372,6,3974,17
1137,2022-01-02,2022-01-06,611,2,3219,15
1138,2022-01-02,2022-01-08,264,5,1277,15
1139,2022-01-06,2022-01-12,2658,9,3267,21
1140,2022-01-06,2022-01-11,1104,8,252,10
1141,2022-01-03,2022-01-09,64,1,3185,22
1142,2022-01-04,2022-01-04,1540,7,3329,19
1143,2022-01-03,2022-01-08,387,9,4264,10
1144,2022-01-05,2022-01-09,449,6,1577,15
1145,2022-01-04,2022-01-04,29,1,3532,16
1146,2022-01-07,2022-01-11,1113,10,426,8
1147,2022-01-01,2022-01-04,1864,9,191,21
1148,2022-01-04,2022-01-09,10,1,1199,7
1149,2022-01-01,2022-01-01,1646,7,4414,15
1150,2022-01-06,2022-01-07,487,9,2834,4
1151,2022-01-04,2022-01-06,328,6,1369,14
1152,2022-01-03,2022-01-05,906,6,4048,16
1153,2022-01-02,2022-01-08,1041,8,2162,23
1154,2022-01-06,2022-01-08,273,8,837,15
1155,2022-01-04,2022-01-10,1943,7,306,14
1156,2022-01-03,2022-01-07,344,4,4582,12
1157,2022-01-01,2022-01-05,822,3,2670,16
1158,2022-01-01,2022-01-01,1780,5,1335,18
1159,2022-01-04,2022-01-09,328,4,3007,23
1160,2022-01-01,2022-01-02,609,2,1541,9
1161,2022-01-05,2022-01-05,1784,5,697,21
1162,2022-01-05,2022-01-08,1156,10,1702,19
1163,2022-01-05,2022-01-09,293,7,228,11
1164,2022-01-05,2022-01-05,2061,10,1520,13
1165,2022-01-01,2022-01-05,128,3,4136,19
1166,2022-01-07,2022-01-10,362,8,373,6
1167,2022-01-05,2022-01-06,1397,7,2285,4
1168,2022-01-05,2022-01-08,2161,10,4210,22
1169,2022-01-02,2022-01-02,985,9,2866,17
1170,2022-01-03,2022-01-03,153,3,3595,17
1171,2022-01-07,2022-01-09,1234,8,3585,14
1172,2022-01-04,2022-01-05,695,1,3662,12
1173,2022-01-01,2022-01-07,417,7,406,15
1174,2022-01-05,2022-01-11,918,5,4098,4
1175,2022-01-07,2022-01-11,720,3,2871,11
1176,2022-01-04,2022-01-08,789,4,3292,15
1177,2022-01-01,2022-01-01,2048,7,2027,12
1178,2022-01-01,2022-01-02,332,3,1200,9
1179,2022-01-02,2022-01-05,511,8,2350,13
1180,2022-01-01,2022-01-01,743,3,588,18
1181,2022-01-06,2022-01-12,1793,5,1427,15
1182,2022-01-05,2022-01-08,1166,5,4630,9
1183,2022-01-07,2022-01-08,722,3,1396,17
1184,2022-01-06,2022-01-12,1183,9,2370,14
1185,2022-01-05,2022-01-05,393,7,3248,20
1186,2022-01-05,2022-01-10,258,5,4879,6
1187,2022-01-02,2022-01-07,1200,7,23,7
1188,2022-01-02,2022-01-06,1659,7,616,23
1189,2022-01-02,2022-01-02,1014,2,1817,19
1190,2022-01-04,2022-01-04,291,7,463,12
1191,2022-01-04,2022-01-08,125,3,878,22
1192,2022-01-07,2022-01-11,1081,9,3632,23
1193,2022-01-02,2022-01-05,743,3,3141,18
1194,2022-01-02,2022-01-05,599,1,2074,22
1195,2022-01-06,2022-01-09,834,5,1012,17
1196,2022-01-03,2022-01-06,118,2,799,17
1197,2022-01-07,2022-01-08,121,2,723,19
1198,2022-01-07,2022-01-08,223,2,4507,4
1199,2022-01-07,2022-01-13,189,4,1024,13
1200,2022-01-04,2022-01-10,1814,9,4172,10
1201,2022-01-03,2022-01-05,885,4,3060,10
1202,2022-01-04,2022-01-10,926,6,2105,17
1203,2022-01-01,2022-01-07,290,6,2421,9
1204,2022-01-01,2022-01-07,624,4,125,13
1205,2022-01-04,2022-01-08,12,1,3736,18
1206,2022-01-01,2022-01-01,1731,10,2623,20
1207,2022-01-07,2022-01-13,170,3,3260,9
1208,2022-01-04,2022-01-04,1731,4,1356,22
1209,2022-01-01,2022-01-05,1892,10,3927,18
1210,2022-01-04,2022-01-05,939,7,3821,12
1211,2022-01-07,2022-01-09,872,5,3437,8
1212,2022-01-05,2022-01-08,406,9,1695,23
1213,2022-01-06,2022-01-06,1295,6,3513,19
1214,2022-01-01,2022-01-01,798,7,1926,21
1215,2022-01-02,2022-01-06,985,8,2664,5
1216,2022-01-04,2022-01-08,765,10,1989,23
1217,2022-01-02,2022-01-02,168,1,2463,16
1218,2022-01-05,2022-01-08,469,9,1556,18
1219,2022-01-06,2022-01-10,2276,9,3138,21
1220,2022-01-04,2022-01-05,763,3,2878,23
1221,2022-01-03,2022-01-06,1407,9,1249,16
1222,2022-01-03,2022-01-08,1369,6,3881,12
1223,2022-01-02,2022-01-03,150,4,1159,20
1224,2022-01-02,2022-01-07,116,2,12,10
1225,2022-01-04,2022-01-09,1019,8,1386,13
1226,2022-01-05,2022-01-10,1152,7,4218,18
1227,2022-01-04,2022-01-08,780,5,1229,4
1228,2022-01-01,2022-01-04,618,3,4316,10
1229,2022-01-03,2022-01-08,2109,10,3419,13
1230,2022-01-01,2022-01-05,1338,9,802,19
1231,2022-01-04,2022-01-07,2282,9,3912,12
1232,2022-01-04,2022-01-08,1587,9,2205,23
1233,2022-01-02,2022-01-02,1289,5,32,20
1234,2022-01-02,2022-01-08,1254,7,1140,8
1235,2022-01-05,2022-01-05,2295,10,4283,12
1236,2022-01-02,2022-01-05,1510,7,4023,11
1237,2022-01-03,2022-01-04,1129,9,1349,5
1238,2022-01-05,2022-01-07,1834,8,4890,19
1239,2022-01-06,2022-01-12,319,6,2693,18
1240,2022-01-06,2022-01-12,1199,6,3881,12
1241,2022-01-01,2022-01-07,1109,8,780,23
1242,2022-01-05,2022-01-09,15,1,2471,20
1243,2022-01-03,2022-01-05,73,2,1347,10
1244,2022-01-07,2022-01-08,1051,6,4292,5
1245,2022-01-02,2022-01-07,1095,9,3038,14
1246,2022-01-04,2022-01-04,76,3,4700,21
1247,2022-01-01,2022-01-05,289,3,3403,23
1248,2022-01-06,2022-01-12,767,2,730,12
1249,2022-01-05,2022-01-09,946,10,390,8
1250,2022-01-06,2022-01-09,1103,4,23,23
1251,2022-01-05,2022-01-05,2064,9,3680,6
1252,2022-01-04,2022-01-07,2222,10,1168,4
1253,2022-01-05,2022-01-10,884,6,1577,18
1254,2022-01-06,2022-01-10,1560,8,3238,18
1255,2022-01-07,2022-01-12,1341,5,3499,8
1256,2022-01-07,2022-01-12,1364,7,2840,7
1257,2022-01-01,2022-01-06,1351,6,4501,5
1258,2022-01-01,2022-01-07,811,5,4724,18
1259,2022-01-05,2022-01-06,501,7,4121,22
1260,2022-01-02,2022-01-04,501,8,1358,21
1261,2022-01-07,2022-01-11,164,2,4476,6
1262,2022-01-02,2022-01-05,77,2,2880,16
1263,2022-01-06,2022-01-10,312,6,3426,13
1264,2022-01-03,2022-01-06,27,2,1510,17
1265,2022-01-07,2022-01-11,272,7,316,20
1266,2022-01-02,2022-01-07,199,3,1798,21
1267,2022-01-05,2022-01-09,120,2,3925,5
1268,2022-01-05,2022-01-05,859,6,1478,22
1269,2022-01-05,2022-01-11,1662,3,2864,4
1270,2022-01-01,2022-01-07,15,1,278,9
1271,2022-01-03,2022-01-07,76,3,3994,15
1272,2022-01-05,2022-01-10,29,1,342,20
1273,2022-01-03,2022-01-07,414,8,2993,17
1274,2022-01-04,2022-01-07,2536,7,1074,8
1275,2022-01-04,2022-01-08,1512,7,3145,14
1276,2022-01-01,2022-01-05,695,1,2662,9
1277,2022-01-04,2022-01-09,1318,4,4759,13
1278,2022-01-03,2022-01-05,974,8,4451,12
1279,2022-01-03,2022-01-04,1760,10,2564,20
1280,2022-01-07,2022-01-08,908,9,4163,6
1281,2022-01-03,2022-01-03,19,2,3899,9
1282,2022-01-04,2022-01-08,1988,8,23,12
1283,2022-01-05,2022-01-08,377,4,1590,20
1284,2022-01-02,2022-01-02,253,5,4556,8
1285,2022-01-05,2022-01-07,493,10,25,7
1286,2022-01-01,2022-01-02,2028,9,2180,23
1287,2022-01-03,2022-01-07,1266,5,2521,19
1288,2022-01-06,2022-01-09,599,1,3576,14
1289,2022-01-04,2022-01-07,1949,10,3188,12
1290,2022-01-02,2022-01-03,367,6,2806,12
1291,2022-01-03,2022-01-09,1169,8,4222,22
1292,2022-01-05,2022-01-09,240,4,555,5
1293,2022-01-02,2022-01-03,305,7,2015,19
1294,2022-01-07,2022-01-13,54,2,2526,6
1295,2022-01-04,2022-01-05,308,5,4433,9
1296,2022-01-07,2022-01-09,15,1,3223,20
1297,2022-01-04,2022-01-05,64,1,1053,19
1298,2022-01-02,2022-01-04,2065,8,1737,19
1299,2022-01-01,2022-01-01,763,3,2937,9
1300,2022-01-05,2022-01-07,134,3,2934,15
1301,2022-01-03,2022-01-04,1092,6,329,22
1302,2022-01-02,2022-01-02,902,6,3984,17
1303,2022-01-06,2022-01-10,999,1,1893,7
1304,2022-01-07,2022-01-08,1346,8,1384,7
1305,2022-01-04,2022-01-04,1880,5,2454,9
1306,2022-01-05,2022-01-08,1851,9,3067,10
1307,2022-01-02,2022-01-05,2576,7,4089,17
1308,2022-01-06,2022-01-08,236,5,1440,4
1309,2022-01-02,2022-01-02,301,4,1429,4
1310,2022-01-06,2022-01-09,1745,9,4889,22
1311,2022-01-07,2022-01-09,981,8,4047,7
1312,2022-01-01,2022-01-03,282,2,4046,23
1313,2022-01-07,2022-01-09,919,6,4647,18
1314,2022-01-01,2022-01-06,177,3,2070,18
1315,2022-01-02,2022-01-07,278,5,2219,23
1316,2022-01-04,2022-01-04,1915,9,1896,14
1317,2022-01-07,2022-01-07,1150,5,1288,15
1318,2022-01-07,2022-01-09,925,7,1288,12
1319,2022-01-06,2022-01-08,195,3,2503,14
1320,2022-01-02,2022-01-04,124,2,4419,17
1321,2022-01-01,2022-01-04,1161,6,4195,22
1322,2022-01-06,2022-01-07,975,9,1215,9
1323,2022-01-07,2022-01-10,2712,10,3941,17
1324,2022-01-03,2022-01-06,1814,7,482,18
1325,2022-01-07,2022-01-11,1039,6,3549,9
1326,2022-01-01,2022-01-07,1355,8,3523,21
1327,2022-01-05,2022-01-09,9,1,4061,4
1328,2022-01-07,2022-01-07,1974,9,1883,18
1329,2022-01-04,2022-01-08,248,6,1660,23
1330,2022-01-07,2022-01-10,1738,9,47,21
1331,2022-01-01,2022-01-06,1067,8,979,10
1332,2022-01-06,2022-01-06,701,4,2614,4
1333,2022-01-01,2022-01-03,225,4,3590,21
1334,2022-01-04,2022-01-08,695,1,3368,20
1335,2022-01-03,2022-01-07,573,9,1452,6
1336,2022-01-07,2022-01-12,321,4,1890,9
1337,2022-01-02,2022-01-06,118,2,3420,14
1338,2022-01-02,2022-01-08,12,1,997,23
1339,2022-01-06,2022-01-09,174,3,635,13
1340,2022-01-04,2022-01-05,893,6,4366,14
1341,2022-01-06,2022-01-06,980,9,158,16
1342,2022-01-04,2022-01-08,954,8,448,9
1343,2022-01-01,2022-01-03,804,2,1143,18
1344,2022-01-04,2022-01-06,64,1,325,19
1345,2022-01-05,2022-01-08,877,5,1335,14
1346,2022-01-05,2022-01-08,109,1,2162,6
1347,2022-01-05,2022-01-09,358,6,3133,23
1348,2022-01-05,2022-01-08,114,1,3332,21
1349,2022-01-02,2022-01-04,1943,7,2086,16
1350,2022-01-03,2022-01-07,1130,3,3909,12
1351,2022-01-07,2022-01-10,22,2,3375,13
1352,2022-01-05,2022-01-09,257,5,2318,5
1353,2022-01-02,2022-01-08,2071,10,4559,5
1354,2022-01-01,2022-01-01,844,5,4496,15
1355,2022-01-05,2022-01-06,119,2,1332,13
1356,2022-01-01,2022-01-02,779,3,839,12
1357,2022-01-03,2022-01-05,1854,8,927,10
1358,2022-01-02,2022-01-05,1164,3,484,22
1359,2022-01-02,2022-01-08,1371,6,1326,21
1360,2022-01-06,2022-01-06,211,6,1574,21
1361,2022-01-01,2022-01-05,719,8,3763,10
1362,2022-01-01,2022-01-06,1256,4,2690,9
1363,2022-01-05,2022-01-08,39,1,2345,21
1364,2022-01-06,2022-01-10,1006,5,2245,10
1365,2022-01-07,2022-01-07,353,5,2100,9
1366,2022-01-01,2022-01-01,1234,4,2173,10
1367,2022-01-02,2022-01-08,713,2,1637,16
1368,2022-01-07,2022-01-09,191,4,1866,16
1369,2022-01-07,2022-01-10,53,3,216,16
1370,2022-01-06,2022-01-09,371,8,3992,10
1371,2022-01-03,2022-01-07,695,1,3060,15
1372,2022-01-03,2022-01-03,171,3,2861,13
1373,2022-01-05,2022-01-06,920,5,838,15
1374,2022-01-05,2022-01-09,1342,5,30,17
1375,2022-01-03,2022-01-06,1986,5,1030,19
1376,2022-01-07,2022-01-13,48,2,3100,7
1377,2022-01-01,2022-01-01,1263,6,1263,14
1378,2022-01-03,2022-01-07,1347,10,3858,10
1379,2022-01-03,2022-01-09,1003,6,369,6
1380,2022-01-05,2022-01-10,1722,6,2795,16
1381,2022-01-01,2022-01-01,124,2,4742,7
1382,2022-01-06,2022-01-08,1503,7,4904,22
1383,2022-01-01,2022-01-06,216,5,810,15
1384,2022-01-03,2022-01-08,816,6,2242,19
1385,2022-01-01,2022-01-01,407,7,2931,12
1386,2022-01-03,2022-01-04,136,2,1635,11
1387,2022-01-01,2022-01-02,1352,7,2353,4
1388,2022-01-02,2022-01-05,1770,8,1794,18
1389,2022-01-07,2022-01-12,614,2,3725,22
1390,2022-01-04,2022-01-07,935,6,4867,23
1391,2022-01-07,2022-01-08,1124,8,674,18
1392,2022-01-03,2022-01-05,985,8,3664,5
1393,2022-01-01,2022-01-02,844,5,2601,23
1394,2022-01-01,2022-01-05,161,6,3271,20
1395,2022-01-06,2022-01-12,313,4,2463,20
1396,2022-01-04,2022-01-10,1887,6,3261,22
1397,2022-01-03,2022-01-08,1300,9,2199,6
1398,2022-01-06,2022-01-11,1903,8,465,5
1399,2022-01-01,2022-01-06,1262,10,1748,9
1400,2022-01-06,2022-01-08,1161,9,4688,17
1401,2022-01-06,2022-01-12,1488,6,2117,10
1402,2022-01-06,2022-01-11,269,6,3258,13
1403,2022-01-06,2022-01-06,46,2,264,21
1404,2022-01-05,2022-01-05,505,8,3688,12
1405,2022-01-03,2022-01-04,1740,5,3910,9
1406,2022-01-07,2022-01-10,1402,9,3543,4
1407,2022-01-06,2022-01-10,213,6,3753,19
1408,2022-01-07,2022-01-13,9,1,3680,6
1409,2022-01-03,2022-01-04,179,3,963,7
1410,2022-01-02,2022-01-02,1095,9,743,4
1411,2022-01-03,2022-01-07,393,7,2369,19
1412,2022-01-06,2022-01-10,1707,10,2334,20
1413,2022-01-02,2022-01-07,2073,9,2306,22
1414,2022-01-04,2022-01-06,340,8,716,10
1415,2022-01-06,2022-01-06,180,2,2829,4
1416,2022-01-02,2022-01-08,934,7,13,8
1417,2022-01-02,2022-01-05,1559,9,3367,6
1418,2022-01-01,2022-01-05,90,4,881,10
1419,2022-01-04,2022-01-07,934,6,4279,14
1420,2022-01-04,2022-01-04,983,5,4169,19
1421,2022-01-01,2022-01-03,1130,4,1255,8
1422,2022-01-05,2022-01-10,197,4,2696,11
1423,2022-01-05,2022-01-11,1188,7,1897,23
1424,2022-01-02,2022-01-08,1699,9,690,11
1425,2022-01-05,2022-01-10,56,1,2310,11
1426,2022-01-04,2022-01-07,1042,6,2472,6
1427,2022-01-03,2022-01-05,55,3,2541,11
1428,2022-01-05,2022-01-09,1925,7,955,14
1429,2022-01-03,2022-01-06,1738,5,4102,22
1430,2022-01-02,2022-01-05,983,7,1180,5
1431,2022-01-03,2022-01-04,564,8,3115,7
1432,2022-01-02,2022-01-07,1832,8,833,11
1433,2022-01-07,2022-01-08,872,8,1275,16
1434,2022-01-03,2022-01-09,29,1,187,19
1435,2022-01-06,2022-01-09,690,4,4275,18
1436,2022-01-01,2022-01-05,997,8,4417,5
1437,2022-01-04,2022-01-04,638,3,2112,21
1438,2022-01-03,2022-01-06,983,5,996,18
1439,2022-01-07,2022-01-12,214,5,2850,7
1440,2022-01-06,2022-01-06,978,6,1191,12
1441,2022-01-01,2022-01-03,427,8,4238,11
1442,2022-01-04,2022-01-04,228,5,4139,18
1443,2022-01-07,2022-01-13,361,6,2120,21
1444,2022-01-05,2022-01-06,927,4,4201,14
1445,2022-01-05,2022-01-06,374,6,1624,15
1446,2022-01-05,2022-01-08,2067,9,1680,10
1447,2022-01-03,2022-01-04,177,2,3523,19
1448,2022-01-05,2022-01-05,286,5,237,10
1449,2022-01-02,2022-01-04,184,4,1787,19
1450,2022-01-07,2022-01-11,1882,5,4889,22
1451,2022-01-06,2022-01-12,1736,6,2144,22
1452,2022-01-04,2022-01-06,1661,7,3909,21
1453,2022-01-04,2022-01-06,56,1,4181,7
1454,2022-01-07,2022-01-10,1825,7,1364,17
1455,2022-01-02,2022-01-08,339,6,3086,5
1456,2022-01-02,2022-01-05,1294,2,2241,11
1457,2022-01-02,2022-01-02,1277,9,2152,13
1458,2022-01-01,2022-01-02,1209,9,1548,6
1459,2022-01-04,2022-01-07,7,1,4188,11
1460,2022-01-05,2022-01-11,1486,6,2173,4
1461,2022-01-05,2022-01-07,2033,10,2790,5
1462,2022-01-03,2022-01-08,1998,8,3516,10
1463,2022-01-07,2022-01-13,760,3,1920,20
1464,2022-01-05,2022-01-08,717,3,462,6
1465,2022-01-06,2022-01-11,10,1,3840,10
1466,2022-01-03,2022-01-03,543,7,1102,21
1467,2022-01-07,2022-01-07,1449,5,3074,4
1468,2022-01-06,2022-01-10,1049,4,1254,12
1469,2022-01-07,2022-01-09,22,1,953,11
1470,2022-01-05,2022-01-10,1935,9,1048,11
1471,2022-01-04,2022-01-06,376,5,1812,17
1472,2022-01-06,2022-01-11,1190,5,2894,11
1473,2022-01-01,2022-01-01,180,2,3172,13
1474,2022-01-03,2022-01-06,1021,9,4790,19
1475,2022-01-05,2022-01-09,928,6,3015,20
1476,2022-01-04,2022-01-05,837,5,3235,6
1477,2022-01-06,2022-01-10,1040,9,4731,15
1478,2022-01-03,2022-01-07,1450,9,1921,5
1479,2022-01-03,2022-01-09,411,9,3045,17
1480,2022-01-04,2022-01-09,1039,9,3085,17
1481,2022-01-04,2022-01-10,881,5,1842,15
1482,2022-01-06,2022-01-08,889,5,3891,18
1483,2022-01-02,2022-01-04,1505,9,837,9
1484,2022-01-02,2022-01-04,1485,7,3198,19
1485,2022-01-02,2022-01-04,1265,10,1719,9
1486,2022-01-05,2022-01-09,1266,9,3155,9
1487,2022-01-02,2022-01-08,2230,10,531,22
1488,2022-01-07,2022-01-09,10,1,1985,7
1489,2022-01-03,2022-01-08,138,2,3389,9
1490,2022-01-07,2022-01-07,2180,10,4004,11
1491,2022-01-06,2022-01-07,330,5,4253,12
1492,2022-01-07,2022-01-09,1097,8,1238,20
1493,2022-01-01,2022-01-05,1030,7,246,5
1494,2022-01-01,2022-01-06,131,2,905,11
1495,2022-01-06,2022-01-10,243,5,759,22
1496,2022-01-02,2022-01-06,80,3,4686,8
1497,2022-01-06,2022-01-11,254,4,1401,9
1498,2022-01-02,2022-01-07,391,3,3098,10
1499,2022-01-06,2022-01-10,2101,10,921,6
1500,2022-01-02,2022-01-08,1417,9,4272,7
1501,2022-01-04,2022-01-08,606,2,1351,10
1502,2022-01-03,2022-01-08,806,6,3158,19
1503,2022-01-05,2022-01-09,1517,9,558,23
1504,2022-01-02,2022-01-05,1199,9,2570,9
1505,2022-01-04,2022-01-10,1349,8,1086,5
1506,2022-01-02,2022-01-05,2427,10,1622,8
1507,2022-01-05,2022-01-07,257,3,4013,18
1508,2022-01-04,2022-01-04,15,1,1305,4
1509,2022-01-03,2022-01-06,1660,9,96,21
1510,2022-01-05,2022-01-10,1951,7,4004,5
1511,2022-01-02,2022-01-05,7,1,4411,12
1512,2022-01-01,2022-01-01,109,1,1341,7
1513,2022-01-02,2022-01-02,12,1,585,5
